timestamp, utilization.gpu [%], utilization.memory [%], temperature.gpu, clocks.current.sm [MHz], clocks.current.memory [MHz], power.draw [W], memory.used [MiB]
2026/10/09 01:57:55.491, 9 %, 1 %, 38, 2865 MHz, 10251 MHz, 52.28 W, 1934 MiB
2026/10/09 01:57:56.497, 100 %, 1 %, 38, 2865 MHz, 10251 MHz, 54.05 W, 2293 MiB
2026/10/09 01:57:57.497, 100 %, 1 %, 38, 2865 MHz, 10251 MHz, 54.47 W, 2293 MiB
2026/10/09 01:57:58.500, 100 %, 1 %, 38, 2865 MHz, 10251 MHz, 54.49 W, 2293 MiB
2026/10/09 01:57:59.501, 100 %, 1 %, 38, 2865 MHz, 10251 MHz, 55.27 W, 2293 MiB
2026/10/09 01:58:00.501, 100 %, 1 %, 38, 2865 MHz, 10251 MHz, 54.34 W, 2293 MiB
2026/10/09 01:58:01.502, 100 %, 1 %, 38, 2865 MHz, 10251 MHz, 54.29 W, 2293 MiB
2026/10/09 01:58:02.502, 100 %, 1 %, 38, 2865 MHz, 10251 MHz, 54.44 W, 2293 MiB
2026/10/09 01:58:03.503, 100 %, 1 %, 38, 2865 MHz, 10251 MHz, 54.55 W, 2293 MiB
2026/10/09 01:58:04.503, 100 %, 1 %, 38, 2865 MHz, 10251 MHz, 54.54 W, 2293 MiB
2026/10/09 01:58:05.503, 100 %, 1 %, 38, 2865 MHz, 10251 MHz, 54.54 W, 2293 MiB
2026/10/09 01:58:06.504, 100 %, 1 %, 38, 2865 MHz, 10251 MHz, 54.41 W, 2293 MiB
2026/10/09 01:58:07.505, 100 %, 1 %, 38, 2865 MHz, 10251 MHz, 54.56 W, 2293 MiB
2026/10/09 01:58:08.505, 100 %, 1 %, 38, 2865 MHz, 10251 MHz, 54.65 W, 2293 MiB
2026/10/09 01:58:09.505, 100 %, 2 %, 51, 2850 MHz, 10251 MHz, 85.13 W, 2389 MiB
2026/10/09 01:58:10.506, 100 %, 2 %, 54, 2850 MHz, 10251 MHz, 181.61 W, 2389 MiB
2026/10/09 01:58:11.506, 100 %, 2 %, 57, 2835 MHz, 10251 MHz, 233.05 W, 2389 MiB
2026/10/09 01:58:12.507, 100 %, 2 %, 60, 2835 MHz, 10251 MHz, 219.15 W, 2389 MiB
2026/10/09 01:58:13.507, 100 %, 2 %, 59, 2835 MHz, 10251 MHz, 222.07 W, 2389 MiB
2026/10/09 01:58:14.508, 100 %, 2 %, 57, 2835 MHz, 10251 MHz, 229.21 W, 2389 MiB
2026/10/09 01:58:15.508, 100 %, 2 %, 60, 2835 MHz, 10251 MHz, 227.10 W, 2389 MiB
2026/10/09 01:58:16.509, 100 %, 2 %, 60, 2835 MHz, 10251 MHz, 224.09 W, 2389 MiB
2026/10/09 01:58:17.509, 100 %, 2 %, 58, 2835 MHz, 10251 MHz, 224.18 W, 2389 MiB
2026/10/09 01:58:18.509, 100 %, 1 %, 51, 2850 MHz, 10251 MHz, 150.83 W, 2389 MiB
2026/10/09 01:58:19.510, 100 %, 2 %, 62, 2835 MHz, 10251 MHz, 225.04 W, 2389 MiB
2026/10/09 01:58:20.510, 100 %, 2 %, 62, 2835 MHz, 10251 MHz, 243.32 W, 2389 MiB
2026/10/09 01:58:21.511, 100 %, 2 %, 62, 2835 MHz, 10251 MHz, 245.00 W, 2389 MiB
2026/10/09 01:58:22.511, 100 %, 2 %, 63, 2835 MHz, 10251 MHz, 243.82 W, 2389 MiB
2026/10/09 01:58:23.511, 100 %, 2 %, 63, 2835 MHz, 10251 MHz, 243.70 W, 2389 MiB
2026/10/09 01:58:24.511, 100 %, 2 %, 63, 2835 MHz, 10251 MHz, 246.38 W, 2389 MiB
2026/10/09 01:58:25.512, 100 %, 2 %, 64, 2835 MHz, 10251 MHz, 244.99 W, 2389 MiB
2026/10/09 01:58:26.512, 100 %, 2 %, 64, 2835 MHz, 10251 MHz, 245.41 W, 2389 MiB
2026/10/09 01:58:27.512, 100 %, 1 %, 60, 2835 MHz, 10251 MHz, 223.80 W, 2389 MiB
2026/10/09 01:58:28.513, 100 %, 2 %, 59, 2835 MHz, 10251 MHz, 145.82 W, 2389 MiB
2026/10/09 01:58:29.513, 100 %, 2 %, 62, 2835 MHz, 10251 MHz, 232.18 W, 2389 MiB
2026/10/09 01:58:30.513, 100 %, 2 %, 63, 2835 MHz, 10251 MHz, 232.43 W, 2389 MiB
2026/10/09 01:58:31.514, 100 %, 2 %, 63, 2835 MHz, 10251 MHz, 232.13 W, 2389 MiB
2026/10/09 01:58:32.514, 100 %, 2 %, 63, 2835 MHz, 10251 MHz, 233.49 W, 2389 MiB
2026/10/09 01:58:33.514, 100 %, 2 %, 63, 2835 MHz, 10251 MHz, 233.31 W, 2389 MiB
2026/10/09 01:58:34.515, 100 %, 3 %, 63, 2835 MHz, 10251 MHz, 231.41 W, 2389 MiB
2026/10/09 01:58:35.515, 100 %, 2 %, 62, 2835 MHz, 10251 MHz, 233.59 W, 2389 MiB
2026/10/09 01:58:36.515, 100 %, 2 %, 64, 2835 MHz, 10251 MHz, 227.82 W, 2806 MiB
2026/10/09 01:58:37.516, 100 %, 5 %, 57, 2835 MHz, 10251 MHz, 198.22 W, 3639 MiB
2026/10/09 01:58:38.516, 100 %, 4 %, 61, 2835 MHz, 10251 MHz, 143.55 W, 3638 MiB
2026/10/09 01:58:39.517, 100 %, 3 %, 62, 2835 MHz, 10251 MHz, 225.93 W, 3638 MiB
2026/10/09 01:58:40.517, 100 %, 3 %, 63, 2835 MHz, 10251 MHz, 226.04 W, 3638 MiB
2026/10/09 01:58:41.517, 100 %, 3 %, 63, 2835 MHz, 10251 MHz, 226.31 W, 3608 MiB
2026/10/09 01:58:42.518, 100 %, 3 %, 63, 2835 MHz, 10251 MHz, 227.38 W, 3624 MiB
2026/10/09 01:58:43.518, 100 %, 3 %, 63, 2835 MHz, 10251 MHz, 227.27 W, 3624 MiB
2026/10/09 01:58:44.518, 100 %, 3 %, 63, 2835 MHz, 10251 MHz, 228.18 W, 3624 MiB
2026/10/09 01:58:45.519, 100 %, 3 %, 64, 2835 MHz, 10251 MHz, 228.06 W, 3624 MiB
2026/10/09 01:58:46.519, 100 %, 3 %, 64, 2835 MHz, 10251 MHz, 228.13 W, 3624 MiB
2026/10/09 01:58:47.520, 100 %, 2 %, 56, 2835 MHz, 10251 MHz, 196.62 W, 3624 MiB
2026/10/09 01:58:48.520, 100 %, 3 %, 61, 2835 MHz, 10251 MHz, 146.96 W, 3624 MiB
2026/10/09 01:58:49.521, 100 %, 3 %, 62, 2835 MHz, 10251 MHz, 223.62 W, 3624 MiB
2026/10/09 01:58:50.521, 100 %, 3 %, 63, 2835 MHz, 10251 MHz, 223.82 W, 3624 MiB
2026/10/09 01:58:51.522, 100 %, 3 %, 63, 2835 MHz, 10251 MHz, 223.66 W, 3624 MiB
2026/10/09 01:58:52.522, 100 %, 3 %, 64, 2835 MHz, 10251 MHz, 224.57 W, 3624 MiB
2026/10/09 01:58:53.522, 100 %, 3 %, 64, 2835 MHz, 10251 MHz, 224.68 W, 3624 MiB
2026/10/09 01:58:54.523, 100 %, 3 %, 64, 2835 MHz, 10251 MHz, 225.49 W, 3624 MiB
2026/10/09 01:58:55.523, 100 %, 3 %, 64, 2835 MHz, 10251 MHz, 225.40 W, 3624 MiB
2026/10/09 01:58:56.524, 100 %, 3 %, 63, 2835 MHz, 10251 MHz, 225.19 W, 3624 MiB
2026/10/09 01:58:57.524, 100 %, 2 %, 52, 2835 MHz, 10251 MHz, 180.07 W, 3624 MiB
2026/10/09 01:58:58.525, 100 %, 3 %, 63, 2835 MHz, 10251 MHz, 158.71 W, 3624 MiB
2026/10/09 01:58:59.525, 100 %, 3 %, 63, 2835 MHz, 10251 MHz, 220.18 W, 3624 MiB
2026/10/09 01:59:00.525, 100 %, 3 %, 63, 2835 MHz, 10251 MHz, 221.40 W, 3624 MiB
2026/10/09 01:59:01.526, 100 %, 3 %, 64, 2835 MHz, 10251 MHz, 221.20 W, 3624 MiB
2026/10/09 01:59:02.526, 100 %, 3 %, 64, 2835 MHz, 10251 MHz, 222.35 W, 3624 MiB
2026/10/09 01:59:03.527, 100 %, 3 %, 64, 2835 MHz, 10251 MHz, 222.74 W, 3624 MiB
2026/10/09 01:59:04.527, 100 %, 3 %, 64, 2835 MHz, 10251 MHz, 222.88 W, 3624 MiB
2026/10/09 01:59:05.527, 100 %, 3 %, 64, 2835 MHz, 10251 MHz, 223.23 W, 3624 MiB
2026/10/09 01:59:06.528, 100 %, 2 %, 61, 2835 MHz, 10251 MHz, 216.82 W, 3624 MiB
2026/10/09 01:59:07.528, 100 %, 2 %, 49, 2850 MHz, 10251 MHz, 150.08 W, 3624 MiB
2026/10/09 01:59:08.529, 100 %, 3 %, 63, 2835 MHz, 10251 MHz, 186.26 W, 3624 MiB
2026/10/09 01:59:09.529, 100 %, 3 %, 63, 2835 MHz, 10251 MHz, 218.20 W, 3624 MiB
2026/10/09 01:59:10.530, 100 %, 3 %, 64, 2835 MHz, 10251 MHz, 219.98 W, 3624 MiB
2026/10/09 01:59:11.530, 100 %, 3 %, 64, 2835 MHz, 10251 MHz, 219.31 W, 3624 MiB
2026/10/09 01:59:12.530, 100 %, 3 %, 64, 2835 MHz, 10251 MHz, 219.33 W, 3624 MiB
2026/10/09 01:59:13.531, 100 %, 3 %, 64, 2835 MHz, 10251 MHz, 221.15 W, 2678 MiB
2026/10/09 01:59:14.531, 100 %, 2 %, 65, 2835 MHz, 10251 MHz, 220.11 W, 2488 MiB
2026/10/09 01:59:15.537, 100 %, 4 %, 63, 2835 MHz, 10251 MHz, 216.86 W, 3693 MiB
2026/10/09 01:59:16.538, 100 %, 3 %, 61, 2835 MHz, 10251 MHz, 202.48 W, 3539 MiB
2026/10/09 01:59:17.538, 9 %, 2 %, 47, 2850 MHz, 10251 MHz, 114.79 W, 3539 MiB
2026/10/09 01:59:18.539, 9 %, 2 %, 46, 2850 MHz, 10251 MHz, 56.64 W, 3539 MiB
2026/10/09 01:59:19.539, 67 %, 4 %, 56, 2835 MHz, 10251 MHz, 66.11 W, 2674 MiB
2026/10/09 01:59:20.542, 100 %, 3 %, 67, 2820 MHz, 10251 MHz, 217.13 W, 2488 MiB
2026/10/09 01:59:21.543, 100 %, 3 %, 67, 2820 MHz, 10251 MHz, 265.93 W, 2785 MiB
2026/10/09 01:59:22.543, 100 %, 3 %, 67, 2820 MHz, 10251 MHz, 259.59 W, 3464 MiB
2026/10/09 01:59:23.544, 100 %, 6 %, 69, 2820 MHz, 10251 MHz, 262.52 W, 3442 MiB
2026/10/09 01:59:24.544, 100 %, 5 %, 69, 2820 MHz, 10251 MHz, 265.46 W, 3532 MiB
2026/10/09 01:59:25.545, 100 %, 2 %, 53, 2850 MHz, 10251 MHz, 217.68 W, 2680 MiB
2026/10/09 01:59:26.545, 100 %, 3 %, 71, 2790 MHz, 10251 MHz, 240.65 W, 2488 MiB
2026/10/09 01:59:27.546, 100 %, 4 %, 71, 2790 MHz, 10251 MHz, 282.04 W, 2488 MiB
2026/10/09 01:59:28.546, 100 %, 4 %, 71, 2790 MHz, 10251 MHz, 281.83 W, 2488 MiB
2026/10/09 01:59:29.546, 100 %, 5 %, 69, 2820 MHz, 10251 MHz, 280.92 W, 3358 MiB
2026/10/09 01:59:30.547, 100 %, 4 %, 71, 2790 MHz, 10251 MHz, 275.48 W, 3557 MiB
2026/10/09 01:59:31.547, 100 %, 3 %, 68, 2820 MHz, 10251 MHz, 275.91 W, 3556 MiB
2026/10/09 01:59:32.548, 100 %, 4 %, 66, 2835 MHz, 10251 MHz, 181.76 W, 3556 MiB
2026/10/09 01:59:33.548, 100 %, 4 %, 70, 2820 MHz, 10251 MHz, 272.30 W, 3556 MiB
2026/10/09 01:59:34.549, 100 %, 4 %, 70, 2820 MHz, 10251 MHz, 271.88 W, 3556 MiB
2026/10/09 01:59:35.549, 100 %, 4 %, 70, 2820 MHz, 10251 MHz, 272.10 W, 3518 MiB
2026/10/09 01:59:36.550, 100 %, 4 %, 70, 2820 MHz, 10251 MHz, 273.41 W, 3488 MiB
2026/10/09 01:59:37.550, 100 %, 5 %, 70, 2820 MHz, 10251 MHz, 273.30 W, 3488 MiB
2026/10/09 01:59:38.550, 100 %, 2 %, 58, 2835 MHz, 10251 MHz, 220.29 W, 2638 MiB
2026/10/09 01:59:39.551, 100 %, 4 %, 69, 2820 MHz, 10251 MHz, 209.46 W, 2389 MiB
2026/10/09 01:59:40.551, 100 %, 3 %, 69, 2820 MHz, 10251 MHz, 268.96 W, 2793 MiB
2026/10/09 01:59:41.552, 100 %, 7 %, 68, 2820 MHz, 10251 MHz, 257.91 W, 3553 MiB
2026/10/09 01:59:42.552, 100 %, 5 %, 69, 2820 MHz, 10251 MHz, 267.01 W, 3484 MiB
2026/10/09 01:59:43.553, 100 %, 5 %, 70, 2820 MHz, 10251 MHz, 268.14 W, 3530 MiB
2026/10/09 01:59:44.553, 100 %, 3 %, 68, 2820 MHz, 10251 MHz, 257.88 W, 2680 MiB
2026/10/09 01:59:45.554, 100 %, 3 %, 66, 2835 MHz, 10251 MHz, 180.11 W, 2389 MiB
2026/10/09 01:59:46.554, 100 %, 3 %, 68, 2820 MHz, 10251 MHz, 264.92 W, 2806 MiB
2026/10/09 01:59:47.555, 100 %, 5 %, 69, 2820 MHz, 10251 MHz, 254.54 W, 3551 MiB
2026/10/09 01:59:48.555, 100 %, 4 %, 69, 2820 MHz, 10251 MHz, 262.15 W, 3482 MiB
2026/10/09 01:59:49.556, 100 %, 4 %, 68, 2820 MHz, 10251 MHz, 264.58 W, 3498 MiB
2026/10/09 01:59:50.556, 100 %, 4 %, 69, 2820 MHz, 10251 MHz, 264.33 W, 3498 MiB
2026/10/09 01:59:51.557, 100 %, 2 %, 53, 2835 MHz, 10251 MHz, 189.63 W, 2678 MiB
2026/10/09 01:59:52.558, 100 %, 3 %, 68, 2820 MHz, 10251 MHz, 220.21 W, 2678 MiB
2026/10/09 01:59:53.558, 100 %, 3 %, 69, 2820 MHz, 10251 MHz, 260.57 W, 2844 MiB
2026/10/09 01:59:54.559, 100 %, 5 %, 68, 2820 MHz, 10251 MHz, 252.86 W, 3605 MiB
2026/10/09 01:59:55.560, 100 %, 4 %, 68, 2820 MHz, 10251 MHz, 259.62 W, 3522 MiB
2026/10/09 01:59:56.560, 100 %, 4 %, 68, 2820 MHz, 10251 MHz, 260.43 W, 3514 MiB
2026/10/09 01:59:57.560, 100 %, 3 %, 63, 2820 MHz, 10251 MHz, 238.79 W, 3484 MiB
2026/10/09 01:59:58.561, 100 %, 5 %, 66, 2835 MHz, 10251 MHz, 185.32 W, 3484 MiB
2026/10/09 01:59:59.561, 100 %, 3 %, 67, 2820 MHz, 10251 MHz, 254.14 W, 3484 MiB
2026/10/09 02:00:00.562, 100 %, 4 %, 68, 2820 MHz, 10251 MHz, 255.78 W, 3484 MiB
2026/10/09 02:00:01.562, 100 %, 4 %, 68, 2820 MHz, 10251 MHz, 255.84 W, 3484 MiB
2026/10/09 02:00:02.563, 100 %, 4 %, 68, 2820 MHz, 10251 MHz, 256.60 W, 3484 MiB
2026/10/09 02:00:03.563, 100 %, 3 %, 66, 2820 MHz, 10251 MHz, 251.46 W, 3484 MiB
2026/10/09 02:00:04.564, 8 %, 2 %, 48, 2850 MHz, 10251 MHz, 144.48 W, 3484 MiB
2026/10/09 02:00:05.565, 100 %, 4 %, 63, 2835 MHz, 10251 MHz, 125.78 W, 3484 MiB
2026/10/09 02:00:06.566, 100 %, 5 %, 69, 2805 MHz, 10251 MHz, 239.44 W, 3484 MiB
2026/10/09 02:00:07.566, 100 %, 4 %, 68, 2820 MHz, 10251 MHz, 262.15 W, 3484 MiB
2026/10/09 02:00:08.566, 100 %, 4 %, 68, 2820 MHz, 10251 MHz, 268.65 W, 2633 MiB
2026/10/09 02:00:09.567, 100 %, 2 %, 69, 2820 MHz, 10251 MHz, 269.42 W, 2814 MiB
2026/10/09 02:00:10.567, 100 %, 3 %, 68, 2820 MHz, 10251 MHz, 256.09 W, 3510 MiB
2026/10/09 02:00:11.568, 100 %, 5 %, 67, 2805 MHz, 10251 MHz, 198.90 W, 3442 MiB
2026/10/09 02:00:12.568, 100 %, 4 %, 70, 2805 MHz, 10251 MHz, 284.00 W, 3502 MiB
2026/10/09 02:00:13.568, 100 %, 2 %, 71, 2775 MHz, 10251 MHz, 284.10 W, 3502 MiB
2026/10/09 02:00:14.569, 100 %, 3 %, 71, 2775 MHz, 10251 MHz, 284.30 W, 2518 MiB
2026/10/09 02:00:15.569, 100 %, 3 %, 71, 2775 MHz, 10251 MHz, 282.47 W, 2389 MiB
2026/10/09 02:00:16.570, 100 %, 3 %, 70, 2805 MHz, 10251 MHz, 273.27 W, 3626 MiB
2026/10/09 02:00:17.570, 100 %, 3 %, 65, 2820 MHz, 10251 MHz, 250.33 W, 3596 MiB
2026/10/09 02:00:18.571, 100 %, 4 %, 68, 2820 MHz, 10251 MHz, 198.12 W, 2574 MiB
2026/10/09 02:00:19.571, 100 %, 3 %, 70, 2820 MHz, 10251 MHz, 270.53 W, 2389 MiB
2026/10/09 02:00:20.571, 100 %, 5 %, 68, 2820 MHz, 10251 MHz, 269.77 W, 3681 MiB
2026/10/09 02:00:21.572, 100 %, 4 %, 69, 2820 MHz, 10251 MHz, 262.20 W, 3641 MiB
2026/10/09 02:00:22.572, 100 %, 3 %, 70, 2820 MHz, 10251 MHz, 273.06 W, 3640 MiB
2026/10/09 02:00:23.572, 100 %, 3 %, 69, 2820 MHz, 10251 MHz, 270.86 W, 2678 MiB
2026/10/09 02:00:24.573, 100 %, 1 %, 51, 2850 MHz, 10251 MHz, 175.74 W, 2488 MiB
2026/10/09 02:00:25.573, 100 %, 4 %, 66, 2820 MHz, 10251 MHz, 249.82 W, 3527 MiB
2026/10/09 02:00:26.573, 100 %, 4 %, 69, 2820 MHz, 10251 MHz, 255.44 W, 3580 MiB
2026/10/09 02:00:27.574, 100 %, 4 %, 69, 2820 MHz, 10251 MHz, 267.49 W, 3540 MiB
2026/10/09 02:00:28.574, 100 %, 3 %, 70, 2820 MHz, 10251 MHz, 268.28 W, 2678 MiB
2026/10/09 02:00:29.574, 100 %, 2 %, 70, 2820 MHz, 10251 MHz, 272.26 W, 3148 MiB
2026/10/09 02:00:30.575, 100 %, 3 %, 64, 2820 MHz, 10251 MHz, 235.18 W, 3739 MiB
2026/10/09 02:00:31.575, 100 %, 4 %, 67, 2820 MHz, 10251 MHz, 187.67 W, 3739 MiB
2026/10/09 02:00:32.576, 100 %, 4 %, 68, 2820 MHz, 10251 MHz, 261.11 W, 2833 MiB
2026/10/09 02:00:33.576, 100 %, 3 %, 69, 2820 MHz, 10251 MHz, 262.87 W, 2777 MiB
2026/10/09 02:00:34.577, 100 %, 3 %, 69, 2820 MHz, 10251 MHz, 266.54 W, 3004 MiB
2026/10/09 02:00:35.577, 100 %, 6 %, 67, 2820 MHz, 10251 MHz, 256.75 W, 3611 MiB
2026/10/09 02:00:36.578, 100 %, 3 %, 67, 2820 MHz, 10251 MHz, 260.29 W, 3610 MiB
2026/10/09 02:00:37.578, 100 %, 3 %, 62, 2850 MHz, 10251 MHz, 177.10 W, 3610 MiB
2026/10/09 02:00:38.579, 100 %, 4 %, 67, 2820 MHz, 10251 MHz, 252.18 W, 3610 MiB
2026/10/09 02:00:39.579, 100 %, 4 %, 68, 2820 MHz, 10251 MHz, 257.95 W, 3610 MiB
2026/10/09 02:00:40.580, 100 %, 4 %, 68, 2820 MHz, 10251 MHz, 259.12 W, 3610 MiB
2026/10/09 02:00:41.580, 100 %, 4 %, 68, 2820 MHz, 10251 MHz, 260.51 W, 3542 MiB
2026/10/09 02:00:42.580, 100 %, 5 %, 68, 2820 MHz, 10251 MHz, 259.96 W, 3558 MiB
2026/10/09 02:00:43.581, 100 %, 3 %, 55, 2835 MHz, 10251 MHz, 221.70 W, 3558 MiB
2026/10/09 02:00:44.581, 100 %, 4 %, 66, 2820 MHz, 10251 MHz, 196.80 W, 3558 MiB
2026/10/09 02:00:45.582, 100 %, 4 %, 67, 2820 MHz, 10251 MHz, 253.80 W, 3558 MiB
2026/10/09 02:00:46.582, 100 %, 4 %, 67, 2820 MHz, 10251 MHz, 255.56 W, 3618 MiB
2026/10/09 02:00:47.583, 100 %, 4 %, 68, 2820 MHz, 10251 MHz, 256.70 W, 3618 MiB
2026/10/09 02:00:48.583, 100 %, 4 %, 68, 2820 MHz, 10251 MHz, 257.17 W, 3588 MiB
2026/10/09 02:00:49.584, 100 %, 3 %, 63, 2820 MHz, 10251 MHz, 244.22 W, 3588 MiB
2026/10/09 02:00:50.584, 9 %, 2 %, 47, 2850 MHz, 10251 MHz, 113.88 W, 3588 MiB
2026/10/09 02:00:51.585, 100 %, 3 %, 61, 2835 MHz, 10251 MHz, 130.04 W, 3588 MiB
2026/10/09 02:00:52.585, 100 %, 3 %, 65, 2835 MHz, 10251 MHz, 189.52 W, 3588 MiB
2026/10/09 02:00:53.585, 100 %, 3 %, 62, 2835 MHz, 10251 MHz, 232.86 W, 3588 MiB
2026/10/09 02:00:54.586, 100 %, 3 %, 66, 2835 MHz, 10251 MHz, 229.95 W, 3593 MiB
2026/10/09 02:00:55.586, 100 %, 3 %, 66, 2835 MHz, 10251 MHz, 222.57 W, 3593 MiB
2026/10/09 02:00:56.587, 100 %, 3 %, 64, 2835 MHz, 10251 MHz, 228.92 W, 3593 MiB
2026/10/09 02:00:57.588, 100 %, 3 %, 64, 2835 MHz, 10251 MHz, 232.61 W, 3593 MiB
2026/10/09 02:00:58.589, 100 %, 3 %, 66, 2835 MHz, 10251 MHz, 226.24 W, 3593 MiB
2026/10/09 02:00:59.589, 100 %, 3 %, 63, 2835 MHz, 10251 MHz, 223.85 W, 3593 MiB
2026/10/09 02:01:00.589, 100 %, 2 %, 60, 2850 MHz, 10251 MHz, 149.34 W, 3593 MiB
2026/10/09 02:01:01.590, 100 %, 3 %, 66, 2820 MHz, 10251 MHz, 232.12 W, 3593 MiB
2026/10/09 02:01:02.590, 100 %, 3 %, 67, 2820 MHz, 10251 MHz, 244.66 W, 3593 MiB
2026/10/09 02:01:03.591, 100 %, 3 %, 66, 2820 MHz, 10251 MHz, 246.99 W, 3593 MiB
2026/10/09 02:01:04.591, 100 %, 3 %, 67, 2820 MHz, 10251 MHz, 245.76 W, 3593 MiB
2026/10/09 02:01:05.592, 100 %, 3 %, 67, 2820 MHz, 10251 MHz, 245.09 W, 3593 MiB
2026/10/09 02:01:06.592, 100 %, 3 %, 67, 2820 MHz, 10251 MHz, 247.08 W, 3593 MiB
2026/10/09 02:01:07.593, 100 %, 3 %, 67, 2820 MHz, 10251 MHz, 245.86 W, 3593 MiB
2026/10/09 02:01:08.593, 100 %, 3 %, 67, 2820 MHz, 10251 MHz, 247.10 W, 3593 MiB
2026/10/09 02:01:09.594, 100 %, 3 %, 64, 2820 MHz, 10251 MHz, 232.77 W, 3593 MiB
2026/10/09 02:01:10.594, 100 %, 2 %, 49, 2850 MHz, 10251 MHz, 150.62 W, 3593 MiB
2026/10/09 02:01:11.595, 100 %, 3 %, 65, 2835 MHz, 10251 MHz, 206.91 W, 3593 MiB
2026/10/09 02:01:12.595, 100 %, 3 %, 65, 2835 MHz, 10251 MHz, 232.29 W, 3593 MiB
2026/10/09 02:01:13.595, 100 %, 3 %, 65, 2835 MHz, 10251 MHz, 234.24 W, 3593 MiB
2026/10/09 02:01:14.596, 100 %, 3 %, 65, 2835 MHz, 10251 MHz, 233.82 W, 3593 MiB
2026/10/09 02:01:15.596, 100 %, 3 %, 66, 2835 MHz, 10251 MHz, 232.96 W, 3593 MiB
2026/10/09 02:01:16.596, 100 %, 3 %, 65, 2835 MHz, 10251 MHz, 234.42 W, 3593 MiB
2026/10/09 02:01:17.597, 100 %, 3 %, 66, 2835 MHz, 10251 MHz, 233.78 W, 3593 MiB
2026/10/09 02:01:18.597, 100 %, 3 %, 66, 2835 MHz, 10251 MHz, 234.21 W, 3593 MiB
2026/10/09 02:01:19.597, 100 %, 2 %, 63, 2835 MHz, 10251 MHz, 221.98 W, 3593 MiB
2026/10/09 02:01:20.598, 100 %, 2 %, 49, 2850 MHz, 10251 MHz, 140.94 W, 3593 MiB
2026/10/09 02:01:21.598, 100 %, 3 %, 64, 2835 MHz, 10251 MHz, 206.31 W, 3593 MiB
2026/10/09 02:01:22.598, 100 %, 3 %, 65, 2820 MHz, 10251 MHz, 226.95 W, 3593 MiB
2026/10/09 02:01:23.599, 100 %, 4 %, 65, 2820 MHz, 10251 MHz, 228.80 W, 3593 MiB
2026/10/09 02:01:24.599, 100 %, 2 %, 65, 2820 MHz, 10251 MHz, 226.97 W, 2743 MiB
2026/10/09 02:01:25.599, 100 %, 2 %, 66, 2820 MHz, 10251 MHz, 230.73 W, 2782 MiB
2026/10/09 02:01:26.600, 100 %, 3 %, 65, 2820 MHz, 10251 MHz, 221.66 W, 3611 MiB
2026/10/09 02:01:27.600, 100 %, 4 %, 65, 2820 MHz, 10251 MHz, 228.91 W, 3581 MiB
2026/10/09 02:01:28.600, 100 %, 3 %, 65, 2820 MHz, 10251 MHz, 229.50 W, 3597 MiB
2026/10/09 02:01:29.601, 100 %, 2 %, 62, 2820 MHz, 10251 MHz, 216.73 W, 3597 MiB
2026/10/09 02:01:30.601, 100 %, 2 %, 57, 2850 MHz, 10251 MHz, 132.97 W, 3597 MiB
2026/10/09 02:01:31.602, 100 %, 3 %, 64, 2835 MHz, 10251 MHz, 210.01 W, 3597 MiB
2026/10/09 02:01:32.602, 100 %, 3 %, 64, 2835 MHz, 10251 MHz, 223.97 W, 3597 MiB
2026/10/09 02:01:33.602, 100 %, 4 %, 65, 2835 MHz, 10251 MHz, 225.51 W, 3597 MiB
2026/10/09 02:01:34.603, 100 %, 3 %, 65, 2835 MHz, 10251 MHz, 225.48 W, 3597 MiB
2026/10/09 02:01:35.603, 100 %, 3 %, 65, 2835 MHz, 10251 MHz, 225.48 W, 3597 MiB
2026/10/09 02:01:36.603, 100 %, 3 %, 65, 2835 MHz, 10251 MHz, 225.84 W, 2619 MiB
2026/10/09 02:01:37.604, 100 %, 2 %, 65, 2835 MHz, 10251 MHz, 227.86 W, 3235 MiB
2026/10/09 02:01:38.606, 100 %, 3 %, 65, 2835 MHz, 10251 MHz, 218.13 W, 3648 MiB
2026/10/09 02:01:39.606, 100 %, 2 %, 62, 2835 MHz, 10251 MHz, 210.46 W, 3708 MiB
2026/10/09 02:01:40.606, 100 %, 3 %, 59, 2835 MHz, 10251 MHz, 134.77 W, 2783 MiB
2026/10/09 02:01:41.607, 100 %, 2 %, 64, 2835 MHz, 10251 MHz, 221.83 W, 2812 MiB
2026/10/09 02:01:42.608, 100 %, 3 %, 65, 2835 MHz, 10251 MHz, 218.74 W, 3475 MiB
2026/10/09 02:01:43.608, 100 %, 4 %, 65, 2835 MHz, 10251 MHz, 228.94 W, 3825 MiB
2026/10/09 02:01:44.609, 100 %, 5 %, 65, 2835 MHz, 10251 MHz, 225.61 W, 3026 MiB
2026/10/09 02:01:45.609, 100 %, 2 %, 65, 2835 MHz, 10251 MHz, 223.64 W, 3026 MiB
2026/10/09 02:01:46.610, 100 %, 2 %, 65, 2835 MHz, 10251 MHz, 227.61 W, 2902 MiB
2026/10/09 02:01:47.611, 100 %, 2 %, 65, 2835 MHz, 10251 MHz, 219.15 W, 3534 MiB
2026/10/09 02:01:48.611, 100 %, 6 %, 64, 2835 MHz, 10251 MHz, 224.33 W, 3437 MiB
2026/10/09 02:01:49.613, 100 %, 1 %, 58, 2835 MHz, 10251 MHz, 197.74 W, 2833 MiB
2026/10/09 02:01:50.613, 100 %, 2 %, 63, 2835 MHz, 10251 MHz, 142.05 W, 2583 MiB
2026/10/09 02:01:51.614, 100 %, 4 %, 61, 2835 MHz, 10251 MHz, 219.94 W, 3365 MiB
2026/10/09 02:01:52.614, 100 %, 3 %, 64, 2835 MHz, 10251 MHz, 213.17 W, 2813 MiB
2026/10/09 02:01:53.614, 100 %, 2 %, 64, 2835 MHz, 10251 MHz, 220.36 W, 2681 MiB
2026/10/09 02:01:54.615, 100 %, 3 %, 64, 2835 MHz, 10251 MHz, 222.79 W, 2802 MiB
2026/10/09 02:01:55.615, 100 %, 2 %, 64, 2835 MHz, 10251 MHz, 216.41 W, 3641 MiB
2026/10/09 02:01:56.616, 100 %, 3 %, 65, 2835 MHz, 10251 MHz, 221.83 W, 2732 MiB
2026/10/09 02:01:57.616, 100 %, 3 %, 65, 2820 MHz, 10251 MHz, 221.85 W, 2827 MiB
2026/10/09 02:01:58.617, 100 %, 5 %, 64, 2820 MHz, 10251 MHz, 215.04 W, 2887 MiB
2026/10/09 02:01:59.621, 100 %, 1 %, 55, 2835 MHz, 10251 MHz, 182.80 W, 2775 MiB
2026/10/09 02:02:00.621, 9 %, 2 %, 46, 2850 MHz, 10251 MHz, 70.75 W, 2877 MiB
2026/10/09 02:02:01.622, 100 %, 2 %, 60, 2835 MHz, 10251 MHz, 119.63 W, 3525 MiB
2026/10/09 02:02:02.623, 100 %, 3 %, 64, 2835 MHz, 10251 MHz, 188.32 W, 2873 MiB
2026/10/09 02:02:03.624, 100 %, 2 %, 62, 2820 MHz, 10251 MHz, 234.48 W, 2681 MiB
2026/10/09 02:02:04.624, 100 %, 4 %, 62, 2820 MHz, 10251 MHz, 221.28 W, 3842 MiB
2026/10/09 02:02:05.624, 100 %, 5 %, 66, 2835 MHz, 10251 MHz, 217.77 W, 2970 MiB
2026/10/09 02:02:06.625, 100 %, 2 %, 62, 2820 MHz, 10251 MHz, 232.65 W, 2484 MiB
2026/10/09 02:02:07.625, 100 %, 2 %, 66, 2820 MHz, 10251 MHz, 232.23 W, 2777 MiB
2026/10/09 02:02:08.626, 100 %, 4 %, 66, 2820 MHz, 10251 MHz, 218.46 W, 2885 MiB
2026/10/09 02:02:09.627, 100 %, 3 %, 64, 2820 MHz, 10251 MHz, 227.73 W, 2773 MiB
2026/10/09 02:02:10.627, 100 %, 2 %, 50, 2835 MHz, 10251 MHz, 163.73 W, 3138 MiB
2026/10/09 02:02:11.628, 100 %, 3 %, 67, 2820 MHz, 10251 MHz, 200.82 W, 2874 MiB
2026/10/09 02:02:12.628, 100 %, 2 %, 67, 2820 MHz, 10251 MHz, 244.36 W, 2873 MiB
2026/10/09 02:02:13.629, 100 %, 2 %, 67, 2820 MHz, 10251 MHz, 250.85 W, 2681 MiB
2026/10/09 02:02:14.629, 100 %, 3 %, 68, 2820 MHz, 10251 MHz, 248.81 W, 2681 MiB
2026/10/09 02:02:15.630, 100 %, 2 %, 68, 2820 MHz, 10251 MHz, 249.25 W, 2681 MiB
2026/10/09 02:02:16.630, 100 %, 2 %, 68, 2820 MHz, 10251 MHz, 250.92 W, 2484 MiB
2026/10/09 02:02:17.630, 100 %, 2 %, 68, 2820 MHz, 10251 MHz, 249.38 W, 2484 MiB
2026/10/09 02:02:18.631, 100 %, 2 %, 68, 2820 MHz, 10251 MHz, 248.23 W, 2484 MiB
2026/10/09 02:02:19.631, 100 %, 2 %, 65, 2820 MHz, 10251 MHz, 239.48 W, 2484 MiB
2026/10/09 02:02:20.631, 100 %, 1 %, 50, 2850 MHz, 10251 MHz, 159.38 W, 2484 MiB
2026/10/09 02:02:21.632, 100 %, 2 %, 65, 2820 MHz, 10251 MHz, 203.18 W, 2484 MiB
2026/10/09 02:02:22.632, 100 %, 2 %, 67, 2820 MHz, 10251 MHz, 235.38 W, 2484 MiB
2026/10/09 02:02:23.636, 100 %, 3 %, 66, 2820 MHz, 10251 MHz, 237.81 W, 2484 MiB
2026/10/09 02:02:24.639, 100 %, 4 %, 66, 2820 MHz, 10251 MHz, 232.81 W, 2484 MiB
2026/10/09 02:02:25.639, 100 %, 2 %, 67, 2820 MHz, 10251 MHz, 234.98 W, 2484 MiB
2026/10/09 02:02:26.640, 100 %, 2 %, 67, 2820 MHz, 10251 MHz, 238.58 W, 2484 MiB
2026/10/09 02:02:27.640, 100 %, 3 %, 67, 2820 MHz, 10251 MHz, 236.85 W, 2484 MiB
2026/10/09 02:02:28.640, 100 %, 3 %, 66, 2820 MHz, 10251 MHz, 237.14 W, 2484 MiB
2026/10/09 02:02:29.641, 100 %, 2 %, 63, 2820 MHz, 10251 MHz, 222.70 W, 2484 MiB
2026/10/09 02:02:30.641, 100 %, 2 %, 60, 2835 MHz, 10251 MHz, 141.29 W, 2978 MiB
2026/10/09 02:02:31.641, 100 %, 4 %, 65, 2820 MHz, 10251 MHz, 216.60 W, 3416 MiB
2026/10/09 02:02:32.642, 100 %, 4 %, 65, 2820 MHz, 10251 MHz, 228.89 W, 3416 MiB
2026/10/09 02:02:33.642, 100 %, 4 %, 65, 2820 MHz, 10251 MHz, 230.21 W, 3416 MiB
2026/10/09 02:02:34.642, 100 %, 4 %, 65, 2820 MHz, 10251 MHz, 230.08 W, 3226 MiB
2026/10/09 02:02:35.644, 100 %, 2 %, 66, 2820 MHz, 10251 MHz, 232.17 W, 3338 MiB
2026/10/09 02:02:36.644, 100 %, 4 %, 65, 2820 MHz, 10251 MHz, 234.16 W, 3416 MiB
2026/10/09 02:02:37.644, 100 %, 4 %, 66, 2820 MHz, 10251 MHz, 231.10 W, 3416 MiB
2026/10/09 02:02:38.644, 100 %, 4 %, 65, 2820 MHz, 10251 MHz, 231.49 W, 3416 MiB
2026/10/09 02:02:39.645, 100 %, 3 %, 62, 2820 MHz, 10251 MHz, 214.07 W, 3416 MiB
2026/10/09 02:02:40.645, 100 %, 4 %, 61, 2835 MHz, 10251 MHz, 138.35 W, 3416 MiB
2026/10/09 02:02:41.645, 100 %, 4 %, 64, 2835 MHz, 10251 MHz, 226.02 W, 3416 MiB
2026/10/09 02:02:42.646, 100 %, 4 %, 65, 2835 MHz, 10251 MHz, 225.67 W, 3416 MiB
2026/10/09 02:02:43.646, 100 %, 4 %, 65, 2835 MHz, 10251 MHz, 226.84 W, 3416 MiB
2026/10/09 02:02:44.646, 100 %, 4 %, 65, 2835 MHz, 10251 MHz, 226.60 W, 3416 MiB
2026/10/09 02:02:45.647, 100 %, 4 %, 65, 2835 MHz, 10251 MHz, 226.62 W, 3416 MiB
2026/10/09 02:02:46.647, 100 %, 4 %, 65, 2835 MHz, 10251 MHz, 227.85 W, 3416 MiB
2026/10/09 02:02:47.648, 100 %, 4 %, 65, 2835 MHz, 10251 MHz, 227.51 W, 3416 MiB
2026/10/09 02:02:48.648, 100 %, 4 %, 65, 2835 MHz, 10251 MHz, 227.73 W, 3416 MiB
2026/10/09 02:02:49.648, 100 %, 3 %, 62, 2835 MHz, 10251 MHz, 204.54 W, 3386 MiB
2026/10/09 02:02:50.649, 100 %, 4 %, 62, 2835 MHz, 10251 MHz, 143.60 W, 3386 MiB
2026/10/09 02:02:51.649, 100 %, 5 %, 63, 2835 MHz, 10251 MHz, 223.20 W, 3387 MiB
2026/10/09 02:02:52.649, 100 %, 4 %, 65, 2835 MHz, 10251 MHz, 221.82 W, 3403 MiB
2026/10/09 02:02:53.649, 100 %, 5 %, 64, 2835 MHz, 10251 MHz, 223.18 W, 3403 MiB
2026/10/09 02:02:54.650, 100 %, 4 %, 65, 2835 MHz, 10251 MHz, 224.19 W, 3403 MiB
2026/10/09 02:02:55.650, 100 %, 4 %, 65, 2835 MHz, 10251 MHz, 224.38 W, 3403 MiB
2026/10/09 02:02:56.651, 100 %, 4 %, 65, 2835 MHz, 10251 MHz, 225.34 W, 3403 MiB
2026/10/09 02:02:57.651, 100 %, 4 %, 65, 2835 MHz, 10251 MHz, 225.23 W, 3403 MiB
2026/10/09 02:02:58.652, 100 %, 4 %, 65, 2835 MHz, 10251 MHz, 225.03 W, 3403 MiB
2026/10/09 02:02:59.652, 100 %, 3 %, 58, 2835 MHz, 10251 MHz, 191.59 W, 3403 MiB
2026/10/09 02:03:00.653, 100 %, 4 %, 63, 2835 MHz, 10251 MHz, 151.29 W, 3403 MiB
2026/10/09 02:03:01.653, 100 %, 4 %, 64, 2835 MHz, 10251 MHz, 220.65 W, 3403 MiB
2026/10/09 02:03:02.654, 100 %, 4 %, 64, 2835 MHz, 10251 MHz, 220.38 W, 3403 MiB
2026/10/09 02:03:03.655, 100 %, 4 %, 64, 2835 MHz, 10251 MHz, 220.87 W, 3403 MiB
2026/10/09 02:03:04.656, 100 %, 4 %, 64, 2835 MHz, 10251 MHz, 222.43 W, 3403 MiB
2026/10/09 02:03:05.656, 100 %, 4 %, 64, 2835 MHz, 10251 MHz, 222.14 W, 3311 MiB
2026/10/09 02:03:06.657, 100 %, 3 %, 65, 2835 MHz, 10251 MHz, 223.88 W, 3061 MiB
2026/10/09 02:03:07.657, 100 %, 2 %, 65, 2835 MHz, 10251 MHz, 227.54 W, 3403 MiB
2026/10/09 02:03:08.657, 100 %, 3 %, 62, 2835 MHz, 10251 MHz, 217.17 W, 3403 MiB
2026/10/09 02:03:09.658, 100 %, 2 %, 50, 2850 MHz, 10251 MHz, 152.05 W, 3403 MiB
2026/10/09 02:03:10.658, 10 %, 3 %, 46, 2850 MHz, 10251 MHz, 60.15 W, 3403 MiB
2026/10/09 02:03:11.659, 100 %, 5 %, 62, 2835 MHz, 10251 MHz, 182.96 W, 3403 MiB
2026/10/09 02:03:12.659, 100 %, 4 %, 67, 2820 MHz, 10251 MHz, 269.58 W, 3403 MiB
2026/10/09 02:03:13.660, 100 %, 5 %, 70, 2820 MHz, 10251 MHz, 263.26 W, 2785 MiB
2026/10/09 02:03:14.661, 100 %, 3 %, 70, 2805 MHz, 10251 MHz, 264.64 W, 2600 MiB
2026/10/09 02:03:15.661, 100 %, 3 %, 70, 2820 MHz, 10251 MHz, 272.55 W, 2600 MiB
2026/10/09 02:03:16.661, 100 %, 1 %, 62, 2820 MHz, 10251 MHz, 241.24 W, 2600 MiB
2026/10/09 02:03:17.662, 100 %, 3 %, 70, 2790 MHz, 10251 MHz, 215.64 W, 2600 MiB
2026/10/09 02:03:18.662, 100 %, 3 %, 71, 2790 MHz, 10251 MHz, 283.49 W, 2501 MiB
2026/10/09 02:03:19.663, 100 %, 3 %, 71, 2790 MHz, 10251 MHz, 283.48 W, 2501 MiB
2026/10/09 02:03:20.664, 99 %, 4 %, 70, 2790 MHz, 10251 MHz, 274.87 W, 3381 MiB
2026/10/09 02:03:21.664, 100 %, 5 %, 71, 2790 MHz, 10251 MHz, 282.87 W, 3313 MiB
2026/10/09 02:03:22.664, 100 %, 4 %, 70, 2820 MHz, 10251 MHz, 279.77 W, 3329 MiB
2026/10/09 02:03:23.665, 100 %, 2 %, 51, 2850 MHz, 10251 MHz, 182.64 W, 3307 MiB
2026/10/09 02:03:24.667, 100 %, 3 %, 69, 2820 MHz, 10251 MHz, 273.05 W, 3044 MiB
2026/10/09 02:03:25.667, 100 %, 3 %, 70, 2805 MHz, 10251 MHz, 273.17 W, 3017 MiB
2026/10/09 02:03:26.668, 100 %, 3 %, 70, 2820 MHz, 10251 MHz, 276.00 W, 3263 MiB
2026/10/09 02:03:27.668, 100 %, 0 %, 72, 2790 MHz, 10251 MHz, 278.20 W, 2447 MiB
2026/10/09 02:03:28.669, 100 %, 1 %, 70, 2820 MHz, 10251 MHz, 277.05 W, 2172 MiB
2026/10/09 02:03:29.686, 100 %, 3 %, 66, 2835 MHz, 10251 MHz, 176.85 W, 2501 MiB
2026/10/09 02:03:30.686, 100 %, 3 %, 69, 2820 MHz, 10251 MHz, 271.01 W, 2622 MiB
2026/10/09 02:03:31.687, 100 %, 4 %, 69, 2820 MHz, 10251 MHz, 258.01 W, 3375 MiB
2026/10/09 02:03:32.687, 100 %, 4 %, 70, 2820 MHz, 10251 MHz, 268.86 W, 3375 MiB
2026/10/09 02:03:33.687, 100 %, 4 %, 70, 2820 MHz, 10251 MHz, 270.12 W, 3375 MiB
2026/10/09 02:03:34.688, 100 %, 4 %, 70, 2820 MHz, 10251 MHz, 270.42 W, 3375 MiB
2026/10/09 02:03:35.688, 100 %, 2 %, 59, 2835 MHz, 10251 MHz, 213.70 W, 3375 MiB
2026/10/09 02:03:36.688, 100 %, 4 %, 68, 2820 MHz, 10251 MHz, 204.35 W, 3375 MiB
2026/10/09 02:03:37.689, 100 %, 4 %, 69, 2820 MHz, 10251 MHz, 262.74 W, 3375 MiB
2026/10/09 02:03:38.689, 100 %, 4 %, 69, 2820 MHz, 10251 MHz, 264.82 W, 3375 MiB
2026/10/09 02:03:39.689, 100 %, 4 %, 69, 2820 MHz, 10251 MHz, 265.55 W, 3374 MiB
2026/10/09 02:03:40.690, 100 %, 4 %, 69, 2820 MHz, 10251 MHz, 266.14 W, 3374 MiB
2026/10/09 02:03:41.690, 100 %, 3 %, 66, 2820 MHz, 10251 MHz, 253.30 W, 3374 MiB
2026/10/09 02:03:42.690, 100 %, 4 %, 66, 2835 MHz, 10251 MHz, 180.74 W, 3374 MiB
2026/10/09 02:03:43.691, 100 %, 3 %, 69, 2820 MHz, 10251 MHz, 261.18 W, 3032 MiB
2026/10/09 02:03:44.691, 100 %, 2 %, 70, 2820 MHz, 10251 MHz, 268.71 W, 3032 MiB
2026/10/09 02:03:45.691, 100 %, 4 %, 69, 2820 MHz, 10251 MHz, 267.62 W, 3374 MiB
2026/10/09 02:03:46.692, 100 %, 4 %, 69, 2820 MHz, 10251 MHz, 262.70 W, 3374 MiB
2026/10/09 02:03:47.692, 100 %, 3 %, 67, 2820 MHz, 10251 MHz, 258.00 W, 3374 MiB
2026/10/09 02:03:48.692, 100 %, 4 %, 61, 2835 MHz, 10251 MHz, 175.47 W, 3374 MiB
2026/10/09 02:03:49.693, 100 %, 4 %, 67, 2820 MHz, 10251 MHz, 257.20 W, 3374 MiB
2026/10/09 02:03:50.693, 100 %, 4 %, 68, 2820 MHz, 10251 MHz, 256.75 W, 3374 MiB
2026/10/09 02:03:51.693, 100 %, 4 %, 68, 2820 MHz, 10251 MHz, 257.73 W, 3374 MiB
2026/10/09 02:03:52.693, 100 %, 4 %, 68, 2820 MHz, 10251 MHz, 259.03 W, 3374 MiB
2026/10/09 02:03:53.694, 100 %, 4 %, 68, 2820 MHz, 10251 MHz, 258.93 W, 3374 MiB
2026/10/09 02:03:54.694, 100 %, 2 %, 56, 2835 MHz, 10251 MHz, 203.68 W, 3374 MiB
2026/10/09 02:03:55.694, 100 %, 2 %, 47, 2850 MHz, 10251 MHz, 63.49 W, 3374 MiB
2026/10/09 02:03:56.695, 100 %, 2 %, 46, 2850 MHz, 10251 MHz, 61.17 W, 3374 MiB
2026/10/09 02:03:57.695, 100 %, 2 %, 45, 2850 MHz, 10251 MHz, 60.76 W, 3374 MiB
2026/10/09 02:03:58.695, 100 %, 2 %, 45, 2850 MHz, 10251 MHz, 60.22 W, 3374 MiB
2026/10/09 02:03:59.696, 100 %, 2 %, 45, 2850 MHz, 10251 MHz, 59.90 W, 3374 MiB
2026/10/09 02:04:00.696, 100 %, 2 %, 44, 2850 MHz, 10251 MHz, 59.68 W, 3374 MiB
2026/10/09 02:04:01.697, 100 %, 2 %, 44, 2850 MHz, 10251 MHz, 59.91 W, 3374 MiB
2026/10/09 02:04:02.697, 100 %, 2 %, 44, 2850 MHz, 10251 MHz, 59.72 W, 3374 MiB
2026/10/09 02:04:03.697, 100 %, 3 %, 52, 2850 MHz, 10251 MHz, 114.38 W, 3342 MiB
2026/10/09 02:04:04.698, 100 %, 3 %, 60, 2835 MHz, 10251 MHz, 204.70 W, 3342 MiB
2026/10/09 02:04:05.698, 100 %, 2 %, 62, 2835 MHz, 10251 MHz, 217.33 W, 2757 MiB
2026/10/09 02:04:06.699, 100 %, 2 %, 61, 2835 MHz, 10251 MHz, 214.36 W, 2568 MiB
2026/10/09 02:04:07.699, 100 %, 1 %, 55, 2835 MHz, 10251 MHz, 195.04 W, 2567 MiB
2026/10/09 02:04:08.700, 100 %, 3 %, 64, 2835 MHz, 10251 MHz, 201.99 W, 3483 MiB
2026/10/09 02:04:09.700, 100 %, 3 %, 65, 2835 MHz, 10251 MHz, 242.46 W, 3381 MiB
2026/10/09 02:04:10.700, 100 %, 3 %, 65, 2835 MHz, 10251 MHz, 243.47 W, 3299 MiB
2026/10/09 02:04:11.701, 100 %, 3 %, 65, 2835 MHz, 10251 MHz, 243.30 W, 3299 MiB
2026/10/09 02:04:12.701, 100 %, 3 %, 66, 2835 MHz, 10251 MHz, 243.53 W, 3299 MiB
2026/10/09 02:04:13.702, 100 %, 2 %, 55, 2835 MHz, 10251 MHz, 200.95 W, 3299 MiB
2026/10/09 02:04:14.702, 100 %, 3 %, 64, 2835 MHz, 10251 MHz, 194.60 W, 3231 MiB
2026/10/09 02:04:15.703, 100 %, 3 %, 64, 2820 MHz, 10251 MHz, 228.55 W, 3231 MiB
2026/10/09 02:04:16.703, 100 %, 3 %, 64, 2820 MHz, 10251 MHz, 229.42 W, 3231 MiB
2026/10/09 02:04:17.704, 100 %, 3 %, 65, 2820 MHz, 10251 MHz, 230.62 W, 3261 MiB
2026/10/09 02:04:18.704, 100 %, 2 %, 65, 2820 MHz, 10251 MHz, 230.05 W, 2717 MiB
2026/10/09 02:04:19.704, 100 %, 3 %, 51, 2850 MHz, 10251 MHz, 175.53 W, 2872 MiB
2026/10/09 02:04:20.707, 100 %, 3 %, 64, 2835 MHz, 10251 MHz, 197.12 W, 3387 MiB
2026/10/09 02:04:21.707, 100 %, 3 %, 64, 2835 MHz, 10251 MHz, 222.83 W, 3387 MiB
2026/10/09 02:04:22.707, 100 %, 3 %, 64, 2835 MHz, 10251 MHz, 223.09 W, 3337 MiB
2026/10/09 02:04:23.708, 100 %, 3 %, 64, 2835 MHz, 10251 MHz, 224.25 W, 3337 MiB
2026/10/09 02:04:24.708, 100 %, 3 %, 64, 2835 MHz, 10251 MHz, 224.20 W, 3337 MiB
2026/10/09 02:04:25.709, 100 %, 3 %, 60, 2850 MHz, 10251 MHz, 164.82 W, 3405 MiB
2026/10/09 02:04:26.710, 100 %, 3 %, 64, 2835 MHz, 10251 MHz, 210.41 W, 3371 MiB
2026/10/09 02:04:27.710, 100 %, 4 %, 64, 2835 MHz, 10251 MHz, 218.20 W, 3243 MiB
2026/10/09 02:04:28.711, 100 %, 2 %, 64, 2835 MHz, 10251 MHz, 219.23 W, 2819 MiB
2026/10/09 02:04:29.712, 100 %, 2 %, 64, 2835 MHz, 10251 MHz, 213.80 W, 2919 MiB
2026/10/09 02:04:30.712, 100 %, 4 %, 63, 2835 MHz, 10251 MHz, 220.32 W, 3822 MiB
2026/10/09 02:04:31.713, 100 %, 4 %, 62, 2835 MHz, 10251 MHz, 164.48 W, 3732 MiB
2026/10/09 02:04:32.713, 100 %, 5 %, 63, 2835 MHz, 10251 MHz, 215.19 W, 3732 MiB
2026/10/09 02:04:33.714, 100 %, 4 %, 64, 2835 MHz, 10251 MHz, 216.89 W, 3732 MiB
2026/10/09 02:04:34.714, 100 %, 4 %, 64, 2835 MHz, 10251 MHz, 217.52 W, 3732 MiB
2026/10/09 02:04:35.714, 100 %, 4 %, 64, 2835 MHz, 10251 MHz, 217.96 W, 3732 MiB
2026/10/09 02:04:36.715, 100 %, 3 %, 62, 2835 MHz, 10251 MHz, 214.04 W, 3732 MiB
2026/10/09 02:04:37.715, 100 %, 4 %, 62, 2835 MHz, 10251 MHz, 162.20 W, 3732 MiB
2026/10/09 02:04:38.716, 100 %, 4 %, 63, 2835 MHz, 10251 MHz, 212.46 W, 3732 MiB
2026/10/09 02:04:39.716, 100 %, 4 %, 64, 2835 MHz, 10251 MHz, 213.61 W, 3732 MiB
2026/10/09 02:04:40.716, 100 %, 4 %, 64, 2835 MHz, 10251 MHz, 214.47 W, 3732 MiB
2026/10/09 02:04:41.717, 100 %, 4 %, 64, 2835 MHz, 10251 MHz, 214.85 W, 3732 MiB
2026/10/09 02:04:42.717, 100 %, 4 %, 61, 2835 MHz, 10251 MHz, 206.89 W, 3732 MiB
2026/10/09 02:04:43.717, 12 %, 4 %, 47, 2850 MHz, 10251 MHz, 99.18 W, 3732 MiB
2026/10/09 02:04:44.718, 100 %, 5 %, 61, 2835 MHz, 10251 MHz, 116.50 W, 3732 MiB
2026/10/09 02:04:45.718, 100 %, 5 %, 67, 2820 MHz, 10251 MHz, 249.13 W, 3732 MiB
2026/10/09 02:04:46.718, 100 %, 5 %, 67, 2820 MHz, 10251 MHz, 251.14 W, 3732 MiB
2026/10/09 02:04:47.719, 100 %, 5 %, 69, 2805 MHz, 10251 MHz, 221.55 W, 3732 MiB
2026/10/09 02:04:48.719, 100 %, 5 %, 71, 2805 MHz, 10251 MHz, 283.31 W, 3732 MiB
2026/10/09 02:04:49.719, 100 %, 5 %, 71, 2805 MHz, 10251 MHz, 282.88 W, 3732 MiB
2026/10/09 02:04:50.720, 100 %, 4 %, 70, 2820 MHz, 10251 MHz, 281.31 W, 3732 MiB
2026/10/09 02:04:51.720, 100 %, 5 %, 69, 2835 MHz, 10251 MHz, 217.06 W, 3732 MiB
2026/10/09 02:04:52.720, 100 %, 5 %, 69, 2820 MHz, 10251 MHz, 267.39 W, 3732 MiB
2026/10/09 02:04:53.721, 100 %, 5 %, 70, 2820 MHz, 10251 MHz, 268.64 W, 3732 MiB
2026/10/09 02:04:54.721, 100 %, 4 %, 67, 2820 MHz, 10251 MHz, 264.82 W, 3732 MiB
2026/10/09 02:04:55.721, 100 %, 5 %, 68, 2820 MHz, 10251 MHz, 210.71 W, 3732 MiB
2026/10/09 02:04:56.722, 100 %, 5 %, 69, 2820 MHz, 10251 MHz, 259.45 W, 3732 MiB
2026/10/09 02:04:57.722, 100 %, 5 %, 69, 2820 MHz, 10251 MHz, 261.41 W, 3732 MiB
2026/10/09 02:04:58.722, 100 %, 3 %, 64, 2820 MHz, 10251 MHz, 248.93 W, 3732 MiB
2026/10/09 02:04:59.723, 100 %, 5 %, 67, 2820 MHz, 10251 MHz, 213.42 W, 3732 MiB
2026/10/09 02:05:00.723, 100 %, 5 %, 68, 2820 MHz, 10251 MHz, 255.26 W, 3732 MiB
2026/10/09 02:05:01.723, 100 %, 5 %, 69, 2820 MHz, 10251 MHz, 256.76 W, 3732 MiB
2026/10/09 02:05:02.724, 100 %, 3 %, 53, 2835 MHz, 10251 MHz, 222.53 W, 3732 MiB
2026/10/09 02:05:03.724, 100 %, 5 %, 67, 2820 MHz, 10251 MHz, 220.93 W, 3732 MiB
2026/10/09 02:05:04.724, 100 %, 5 %, 68, 2820 MHz, 10251 MHz, 251.60 W, 3732 MiB
2026/10/09 02:05:05.725, 100 %, 5 %, 68, 2820 MHz, 10251 MHz, 252.91 W, 3732 MiB
2026/10/09 02:05:06.725, 100 %, 5 %, 65, 2835 MHz, 10251 MHz, 203.39 W, 3732 MiB
2026/10/09 02:05:07.725, 100 %, 5 %, 67, 2820 MHz, 10251 MHz, 247.37 W, 3732 MiB
2026/10/09 02:05:08.726, 100 %, 5 %, 67, 2820 MHz, 10251 MHz, 248.70 W, 3732 MiB
2026/10/09 02:05:09.726, 100 %, 5 %, 66, 2820 MHz, 10251 MHz, 249.14 W, 3732 MiB
2026/10/09 02:05:10.726, 21 %, 4 %, 58, 2850 MHz, 10251 MHz, 136.62 W, 3732 MiB
2026/10/09 02:05:11.727, 100 %, 5 %, 65, 2820 MHz, 10251 MHz, 237.06 W, 3732 MiB
2026/10/09 02:05:12.727, 100 %, 5 %, 67, 2820 MHz, 10251 MHz, 250.73 W, 3732 MiB
2026/10/09 02:05:13.728, 100 %, 2 %, 62, 2835 MHz, 10251 MHz, 214.55 W, 3732 MiB
2026/10/09 02:05:14.729, 100 %, 5 %, 71, 2790 MHz, 10251 MHz, 259.91 W, 3732 MiB
2026/10/09 02:05:15.729, 100 %, 5 %, 71, 2790 MHz, 10251 MHz, 282.34 W, 3732 MiB
2026/10/09 02:05:16.730, 100 %, 5 %, 71, 2805 MHz, 10251 MHz, 283.48 W, 3732 MiB
2026/10/09 02:05:17.730, 100 %, 3 %, 64, 2835 MHz, 10251 MHz, 222.79 W, 3732 MiB
2026/10/09 02:05:18.731, 100 %, 5 %, 70, 2820 MHz, 10251 MHz, 254.85 W, 3732 MiB
2026/10/09 02:05:19.731, 100 %, 5 %, 69, 2820 MHz, 10251 MHz, 268.80 W, 3732 MiB
2026/10/09 02:05:20.732, 100 %, 5 %, 70, 2820 MHz, 10251 MHz, 268.86 W, 3732 MiB
2026/10/09 02:05:21.732, 100 %, 5 %, 66, 2835 MHz, 10251 MHz, 211.94 W, 3732 MiB
2026/10/09 02:05:22.733, 100 %, 5 %, 68, 2820 MHz, 10251 MHz, 259.13 W, 3732 MiB
2026/10/09 02:05:23.734, 100 %, 5 %, 69, 2820 MHz, 10251 MHz, 260.94 W, 3732 MiB
2026/10/09 02:05:24.735, 100 %, 5 %, 68, 2820 MHz, 10251 MHz, 261.56 W, 3732 MiB
2026/10/09 02:05:25.735, 100 %, 5 %, 66, 2835 MHz, 10251 MHz, 206.78 W, 3732 MiB
2026/10/09 02:05:26.736, 100 %, 5 %, 68, 2820 MHz, 10251 MHz, 254.42 W, 3732 MiB
2026/10/09 02:05:27.736, 100 %, 5 %, 68, 2820 MHz, 10251 MHz, 255.90 W, 3732 MiB
2026/10/09 02:05:28.737, 100 %, 5 %, 66, 2820 MHz, 10251 MHz, 252.88 W, 3732 MiB
2026/10/09 02:05:29.737, 100 %, 5 %, 67, 2820 MHz, 10251 MHz, 205.12 W, 3732 MiB
2026/10/09 02:05:30.738, 100 %, 5 %, 67, 2820 MHz, 10251 MHz, 250.88 W, 3732 MiB
2026/10/09 02:05:31.738, 100 %, 5 %, 67, 2820 MHz, 10251 MHz, 252.40 W, 3732 MiB
2026/10/09 02:05:32.739, 100 %, 4 %, 62, 2820 MHz, 10251 MHz, 238.46 W, 3732 MiB
2026/10/09 02:05:33.739, 100 %, 5 %, 66, 2835 MHz, 10251 MHz, 210.19 W, 3732 MiB
2026/10/09 02:05:34.740, 100 %, 5 %, 67, 2820 MHz, 10251 MHz, 247.08 W, 3732 MiB
2026/10/09 02:05:35.740, 100 %, 5 %, 67, 2820 MHz, 10251 MHz, 249.08 W, 3732 MiB
2026/10/09 02:05:36.741, 87 %, 3 %, 50, 2835 MHz, 10251 MHz, 200.57 W, 3732 MiB
2026/10/09 02:05:37.741, 100 %, 4 %, 59, 2835 MHz, 10251 MHz, 117.53 W, 3732 MiB
2026/10/09 02:05:38.742, 100 %, 5 %, 63, 2835 MHz, 10251 MHz, 206.25 W, 3732 MiB
2026/10/09 02:05:39.742, 100 %, 4 %, 63, 2835 MHz, 10251 MHz, 220.41 W, 3732 MiB
2026/10/09 02:05:40.743, 100 %, 5 %, 63, 2835 MHz, 10251 MHz, 214.91 W, 3732 MiB
2026/10/09 02:05:41.743, 100 %, 4 %, 57, 2835 MHz, 10251 MHz, 204.44 W, 3732 MiB
2026/10/09 02:05:42.744, 100 %, 5 %, 66, 2820 MHz, 10251 MHz, 204.52 W, 3732 MiB
2026/10/09 02:05:43.744, 100 %, 5 %, 66, 2820 MHz, 10251 MHz, 244.61 W, 3732 MiB
2026/10/09 02:05:44.745, 100 %, 5 %, 66, 2820 MHz, 10251 MHz, 244.64 W, 3732 MiB
2026/10/09 02:05:45.745, 100 %, 6 %, 66, 2820 MHz, 10251 MHz, 244.68 W, 3732 MiB
2026/10/09 02:05:46.745, 100 %, 6 %, 66, 2820 MHz, 10251 MHz, 244.34 W, 3732 MiB
2026/10/09 02:05:47.746, 100 %, 4 %, 57, 2835 MHz, 10251 MHz, 218.82 W, 3732 MiB
2026/10/09 02:05:48.746, 100 %, 5 %, 64, 2835 MHz, 10251 MHz, 187.64 W, 3732 MiB
2026/10/09 02:05:49.747, 100 %, 5 %, 64, 2835 MHz, 10251 MHz, 229.73 W, 3732 MiB
2026/10/09 02:05:50.747, 100 %, 5 %, 64, 2835 MHz, 10251 MHz, 230.19 W, 3732 MiB
2026/10/09 02:05:51.748, 100 %, 5 %, 64, 2835 MHz, 10251 MHz, 230.99 W, 3732 MiB
2026/10/09 02:05:52.748, 100 %, 5 %, 64, 2835 MHz, 10251 MHz, 231.28 W, 3732 MiB
2026/10/09 02:05:53.749, 100 %, 4 %, 55, 2835 MHz, 10251 MHz, 205.89 W, 3732 MiB
2026/10/09 02:05:54.749, 100 %, 5 %, 63, 2835 MHz, 10251 MHz, 181.93 W, 3732 MiB
2026/10/09 02:05:55.749, 100 %, 5 %, 63, 2835 MHz, 10251 MHz, 223.07 W, 3732 MiB
2026/10/09 02:05:56.750, 100 %, 5 %, 63, 2835 MHz, 10251 MHz, 223.62 W, 3732 MiB
2026/10/09 02:05:57.750, 100 %, 5 %, 64, 2835 MHz, 10251 MHz, 224.26 W, 3732 MiB
2026/10/09 02:05:58.751, 100 %, 5 %, 64, 2835 MHz, 10251 MHz, 224.16 W, 3732 MiB
2026/10/09 02:05:59.751, 100 %, 3 %, 51, 2835 MHz, 10251 MHz, 192.05 W, 3732 MiB
2026/10/09 02:06:00.752, 100 %, 5 %, 63, 2835 MHz, 10251 MHz, 181.24 W, 3732 MiB
2026/10/09 02:06:01.752, 100 %, 5 %, 63, 2835 MHz, 10251 MHz, 218.80 W, 3732 MiB
2026/10/09 02:06:02.753, 100 %, 5 %, 63, 2835 MHz, 10251 MHz, 219.17 W, 3732 MiB
2026/10/09 02:06:03.753, 100 %, 5 %, 63, 2835 MHz, 10251 MHz, 220.57 W, 3732 MiB
2026/10/09 02:06:04.754, 100 %, 5 %, 63, 2835 MHz, 10251 MHz, 220.98 W, 3732 MiB
2026/10/09 02:06:05.754, 100 %, 3 %, 50, 2850 MHz, 10251 MHz, 176.84 W, 3732 MiB
2026/10/09 02:06:06.755, 100 %, 4 %, 62, 2835 MHz, 10251 MHz, 190.16 W, 3732 MiB
2026/10/09 02:06:07.755, 100 %, 3 %, 63, 2835 MHz, 10251 MHz, 216.23 W, 3389 MiB
2026/10/09 02:06:08.756, 100 %, 3 %, 64, 2835 MHz, 10251 MHz, 221.95 W, 3389 MiB
2026/10/09 02:06:09.756, 100 %, 3 %, 64, 2835 MHz, 10251 MHz, 223.26 W, 3389 MiB
2026/10/09 02:06:10.757, 100 %, 3 %, 62, 2835 MHz, 10251 MHz, 220.71 W, 3389 MiB
2026/10/09 02:06:11.757, 100 %, 3 %, 62, 2835 MHz, 10251 MHz, 166.85 W, 3732 MiB
2026/10/09 02:06:12.757, 100 %, 4 %, 62, 2835 MHz, 10251 MHz, 212.27 W, 3732 MiB
2026/10/09 02:06:13.758, 100 %, 4 %, 63, 2835 MHz, 10251 MHz, 214.09 W, 3732 MiB
2026/10/09 02:06:14.758, 100 %, 4 %, 63, 2835 MHz, 10251 MHz, 214.84 W, 3732 MiB
2026/10/09 02:06:15.759, 100 %, 4 %, 63, 2835 MHz, 10251 MHz, 215.24 W, 3732 MiB
2026/10/09 02:06:16.759, 100 %, 3 %, 60, 2835 MHz, 10251 MHz, 203.33 W, 3732 MiB
2026/10/09 02:06:17.760, 13 %, 4 %, 46, 2850 MHz, 10251 MHz, 87.35 W, 3732 MiB
2026/10/09 02:06:18.760, 100 %, 4 %, 63, 2835 MHz, 10251 MHz, 190.98 W, 3732 MiB
2026/10/09 02:06:19.761, 100 %, 4 %, 61, 2835 MHz, 10251 MHz, 214.85 W, 3732 MiB
2026/10/09 02:06:20.761, 100 %, 4 %, 63, 2835 MHz, 10251 MHz, 214.29 W, 3732 MiB
2026/10/09 02:06:21.762, 100 %, 4 %, 63, 2835 MHz, 10251 MHz, 217.81 W, 3732 MiB
2026/10/09 02:06:22.762, 100 %, 4 %, 63, 2835 MHz, 10251 MHz, 180.53 W, 3732 MiB
2026/10/09 02:06:23.763, 100 %, 4 %, 65, 2835 MHz, 10251 MHz, 243.87 W, 3732 MiB
2026/10/09 02:06:24.763, 100 %, 5 %, 66, 2835 MHz, 10251 MHz, 244.36 W, 3732 MiB
2026/10/09 02:06:25.763, 100 %, 5 %, 66, 2835 MHz, 10251 MHz, 244.75 W, 3732 MiB
2026/10/09 02:06:26.764, 100 %, 5 %, 66, 2820 MHz, 10251 MHz, 244.36 W, 3732 MiB
2026/10/09 02:06:27.764, 100 %, 4 %, 65, 2820 MHz, 10251 MHz, 240.91 W, 3732 MiB
2026/10/09 02:06:28.765, 100 %, 5 %, 62, 2835 MHz, 10251 MHz, 175.26 W, 3732 MiB
2026/10/09 02:06:29.765, 100 %, 5 %, 64, 2835 MHz, 10251 MHz, 229.35 W, 3732 MiB
2026/10/09 02:06:30.766, 100 %, 5 %, 65, 2835 MHz, 10251 MHz, 230.39 W, 3732 MiB
2026/10/09 02:06:31.766, 100 %, 5 %, 65, 2820 MHz, 10251 MHz, 229.98 W, 3732 MiB
2026/10/09 02:06:32.767, 100 %, 5 %, 65, 2820 MHz, 10251 MHz, 230.87 W, 3732 MiB
2026/10/09 02:06:33.767, 100 %, 4 %, 64, 2820 MHz, 10251 MHz, 228.16 W, 3732 MiB
2026/10/09 02:06:34.768, 100 %, 5 %, 61, 2835 MHz, 10251 MHz, 168.35 W, 3732 MiB
2026/10/09 02:06:35.768, 100 %, 5 %, 64, 2835 MHz, 10251 MHz, 222.32 W, 3732 MiB
2026/10/09 02:06:36.768, 100 %, 5 %, 64, 2835 MHz, 10251 MHz, 223.59 W, 3732 MiB
2026/10/09 02:06:37.769, 100 %, 5 %, 64, 2835 MHz, 10251 MHz, 224.05 W, 3732 MiB
2026/10/09 02:06:38.774, 100 %, 5 %, 64, 2835 MHz, 10251 MHz, 224.74 W, 3732 MiB
2026/10/09 02:06:39.774, 100 %, 4 %, 62, 2835 MHz, 10251 MHz, 220.45 W, 3732 MiB
2026/10/09 02:06:40.775, 100 %, 5 %, 61, 2835 MHz, 10251 MHz, 166.14 W, 3732 MiB
2026/10/09 02:06:41.775, 100 %, 5 %, 64, 2835 MHz, 10251 MHz, 219.39 W, 3732 MiB
2026/10/09 02:06:42.775, 100 %, 5 %, 64, 2835 MHz, 10251 MHz, 220.03 W, 3732 MiB
2026/10/09 02:06:43.776, 100 %, 5 %, 64, 2835 MHz, 10251 MHz, 220.70 W, 3732 MiB
2026/10/09 02:06:44.776, 100 %, 5 %, 64, 2835 MHz, 10251 MHz, 220.86 W, 3732 MiB
2026/10/09 02:06:45.776, 100 %, 4 %, 61, 2835 MHz, 10251 MHz, 214.18 W, 3732 MiB
2026/10/09 02:06:46.777, 100 %, 5 %, 62, 2835 MHz, 10251 MHz, 164.50 W, 3732 MiB
2026/10/09 02:06:47.777, 100 %, 5 %, 63, 2835 MHz, 10251 MHz, 216.02 W, 3732 MiB
2026/10/09 02:06:48.777, 100 %, 5 %, 63, 2835 MHz, 10251 MHz, 217.23 W, 3732 MiB
2026/10/09 02:06:49.778, 100 %, 5 %, 63, 2835 MHz, 10251 MHz, 218.08 W, 3732 MiB
2026/10/09 02:06:50.778, 100 %, 5 %, 63, 2835 MHz, 10251 MHz, 218.28 W, 3732 MiB
2026/10/09 02:06:51.779, 100 %, 4 %, 61, 2835 MHz, 10251 MHz, 208.53 W, 3732 MiB
2026/10/09 02:06:52.779, 100 %, 5 %, 62, 2835 MHz, 10251 MHz, 167.94 W, 3732 MiB
2026/10/09 02:06:53.779, 100 %, 5 %, 63, 2835 MHz, 10251 MHz, 213.44 W, 3732 MiB
2026/10/09 02:06:54.780, 100 %, 5 %, 63, 2835 MHz, 10251 MHz, 213.98 W, 3732 MiB
2026/10/09 02:06:55.780, 100 %, 5 %, 63, 2835 MHz, 10251 MHz, 214.49 W, 3732 MiB
2026/10/09 02:06:56.780, 100 %, 5 %, 63, 2835 MHz, 10251 MHz, 215.16 W, 3732 MiB
2026/10/09 02:06:57.781, 100 %, 4 %, 58, 2835 MHz, 10251 MHz, 195.11 W, 3732 MiB
2026/10/09 02:06:58.781, 100 %, 6 %, 60, 2835 MHz, 10251 MHz, 124.29 W, 3732 MiB
2026/10/09 02:06:59.781, 100 %, 6 %, 68, 2820 MHz, 10251 MHz, 247.54 W, 3732 MiB
2026/10/09 02:07:00.782, 100 %, 6 %, 67, 2820 MHz, 10251 MHz, 252.34 W, 3732 MiB
2026/10/09 02:07:01.782, 100 %, 6 %, 68, 2805 MHz, 10251 MHz, 222.09 W, 3732 MiB
2026/10/09 02:07:02.782, 100 %, 6 %, 70, 2805 MHz, 10251 MHz, 283.24 W, 3732 MiB
2026/10/09 02:07:03.783, 100 %, 6 %, 70, 2805 MHz, 10251 MHz, 281.58 W, 3732 MiB
2026/10/09 02:07:04.783, 100 %, 5 %, 71, 2820 MHz, 10251 MHz, 281.71 W, 3732 MiB
2026/10/09 02:07:05.783, 100 %, 6 %, 67, 2835 MHz, 10251 MHz, 218.32 W, 3732 MiB
2026/10/09 02:07:06.784, 100 %, 6 %, 69, 2820 MHz, 10251 MHz, 267.74 W, 3732 MiB
2026/10/09 02:07:07.784, 100 %, 5 %, 69, 2820 MHz, 10251 MHz, 268.76 W, 3732 MiB
2026/10/09 02:07:08.784, 100 %, 4 %, 68, 2820 MHz, 10251 MHz, 266.43 W, 3732 MiB
2026/10/09 02:07:09.785, 100 %, 5 %, 67, 2835 MHz, 10251 MHz, 210.77 W, 3732 MiB
2026/10/09 02:07:10.785, 100 %, 5 %, 68, 2835 MHz, 10251 MHz, 260.28 W, 3732 MiB
2026/10/09 02:07:11.785, 100 %, 5 %, 68, 2835 MHz, 10251 MHz, 261.88 W, 3732 MiB
2026/10/09 02:07:12.786, 100 %, 3 %, 64, 2820 MHz, 10251 MHz, 249.70 W, 3732 MiB
2026/10/09 02:07:13.786, 100 %, 5 %, 67, 2820 MHz, 10251 MHz, 210.92 W, 3732 MiB
2026/10/09 02:07:14.786, 100 %, 6 %, 68, 2820 MHz, 10251 MHz, 254.70 W, 3732 MiB
2026/10/09 02:07:15.787, 100 %, 6 %, 68, 2820 MHz, 10251 MHz, 256.20 W, 3732 MiB
2026/10/09 02:07:16.787, 100 %, 4 %, 54, 2835 MHz, 10251 MHz, 228.63 W, 3732 MiB
2026/10/09 02:07:17.787, 100 %, 5 %, 67, 2835 MHz, 10251 MHz, 217.69 W, 3732 MiB
2026/10/09 02:07:18.788, 100 %, 5 %, 67, 2835 MHz, 10251 MHz, 252.31 W, 3732 MiB
2026/10/09 02:07:19.788, 100 %, 5 %, 68, 2835 MHz, 10251 MHz, 253.09 W, 3732 MiB
2026/10/09 02:07:20.789, 100 %, 5 %, 64, 2835 MHz, 10251 MHz, 205.67 W, 3732 MiB
2026/10/09 02:07:21.789, 100 %, 5 %, 67, 2820 MHz, 10251 MHz, 246.95 W, 3732 MiB
2026/10/09 02:07:22.789, 100 %, 5 %, 67, 2820 MHz, 10251 MHz, 248.42 W, 3732 MiB
2026/10/09 02:07:23.790, 100 %, 5 %, 66, 2820 MHz, 10251 MHz, 249.15 W, 3732 MiB
