timestamp, index, uuid, utilization.gpu [%], utilization.memory [%], temperature.gpu, clocks.current.sm [MHz], clocks.current.memory [MHz], power.draw [W], power.limit [W], memory.used [MiB]
2026/10/09 01:07:36.912, 0, GPU-6c849b47-7111-9265-9d42-ff8eddc05a2d, 0 %, 0 %, 39, 210 MHz, 405 MHz, 33.12 W, 480.00 W, 1 MiB
2026/10/09 01:07:36.915, 1, GPU-81ac6e96-0bfe-390d-beb1-241466569d6b, 0 %, 0 %, 37, 210 MHz, 405 MHz, 26.98 W, 480.00 W, 1 MiB
2026/10/09 01:07:37.917, 0, GPU-6c849b47-7111-9265-9d42-ff8eddc05a2d, 3 %, 0 %, 40, 2625 MHz, 10251 MHz, 43.78 W, 480.00 W, 428 MiB
2026/10/09 01:07:37.918, 1, GPU-81ac6e96-0bfe-390d-beb1-241466569d6b, 3 %, 0 %, 38, 2625 MHz, 10251 MHz, 44.11 W, 480.00 W, 428 MiB
2026/10/09 01:07:38.918, 0, GPU-6c849b47-7111-9265-9d42-ff8eddc05a2d, 0 %, 0 %, 41, 2625 MHz, 10251 MHz, 77.17 W, 480.00 W, 430 MiB
2026/10/09 01:07:38.919, 1, GPU-81ac6e96-0bfe-390d-beb1-241466569d6b, 0 %, 0 %, 39, 2625 MHz, 10251 MHz, 68.39 W, 480.00 W, 430 MiB
2026/10/09 01:07:39.919, 0, GPU-6c849b47-7111-9265-9d42-ff8eddc05a2d, 100 %, 0 %, 43, 2790 MHz, 10251 MHz, 87.15 W, 480.00 W, 430 MiB
2026/10/09 01:07:39.919, 1, GPU-81ac6e96-0bfe-390d-beb1-241466569d6b, 0 %, 0 %, 39, 2625 MHz, 10251 MHz, 68.68 W, 480.00 W, 430 MiB
2026/10/09 01:07:40.920, 0, GPU-6c849b47-7111-9265-9d42-ff8eddc05a2d, 100 %, 0 %, 44, 2790 MHz, 10251 MHz, 102.09 W, 480.00 W, 430 MiB
2026/10/09 01:07:40.920, 1, GPU-81ac6e96-0bfe-390d-beb1-241466569d6b, 0 %, 0 %, 39, 2625 MHz, 10251 MHz, 68.79 W, 480.00 W, 430 MiB
2026/10/09 01:07:41.920, 0, GPU-6c849b47-7111-9265-9d42-ff8eddc05a2d, 0 %, 0 %, 43, 2790 MHz, 10251 MHz, 91.30 W, 480.00 W, 430 MiB
2026/10/09 01:07:41.921, 1, GPU-81ac6e96-0bfe-390d-beb1-241466569d6b, 100 %, 0 %, 41, 2820 MHz, 10251 MHz, 81.02 W, 480.00 W, 430 MiB
2026/10/09 01:07:42.921, 0, GPU-6c849b47-7111-9265-9d42-ff8eddc05a2d, 0 %, 0 %, 43, 2625 MHz, 10251 MHz, 87.84 W, 480.00 W, 430 MiB
2026/10/09 01:07:42.922, 1, GPU-81ac6e96-0bfe-390d-beb1-241466569d6b, 100 %, 0 %, 42, 2820 MHz, 10251 MHz, 101.63 W, 480.00 W, 430 MiB
2026/10/09 01:07:43.922, 0, GPU-6c849b47-7111-9265-9d42-ff8eddc05a2d, 90 %, 0 %, 44, 2790 MHz, 10251 MHz, 90.11 W, 480.00 W, 430 MiB
2026/10/09 01:07:43.922, 1, GPU-81ac6e96-0bfe-390d-beb1-241466569d6b, 71 %, 0 %, 41, 2820 MHz, 10251 MHz, 88.41 W, 480.00 W, 430 MiB
