mode,uuid,pid,start_seconds,end_seconds,grid
A,GPU-6c849b47-7111-9265-9d42-ff8eddc05a2d,21211,2.522029565,2.649407777,4096
A,GPU-6c849b47-7111-9265-9d42-ff8eddc05a2d,21211,2.649409889,3.881109809,4096
A,GPU-6c849b47-7111-9265-9d42-ff8eddc05a2d,21211,3.881117105,5.550099418,4096
A,GPU-6c849b47-7111-9265-9d42-ff8eddc05a2d,21211,5.55010681,7.170239383,4096
A,GPU-6c849b47-7111-9265-9d42-ff8eddc05a2d,21211,7.170245335,8.765773629,4096
A,GPU-6c849b47-7111-9265-9d42-ff8eddc05a2d,21211,8.765780445,10.346204323,4096
A,GPU-6c849b47-7111-9265-9d42-ff8eddc05a2d,21211,10.346211171,11.917153707,4096
A,GPU-6c849b47-7111-9265-9d42-ff8eddc05a2d,21211,11.917160747,13.475163209,4096
A,GPU-6c849b47-7111-9265-9d42-ff8eddc05a2d,21211,17.452989453,17.588964025,4096
A,GPU-6c849b47-7111-9265-9d42-ff8eddc05a2d,21211,17.588966233,18.804944191,4096
A,GPU-6c849b47-7111-9265-9d42-ff8eddc05a2d,21211,18.804951647,20.469917998,4096
A,GPU-6c849b47-7111-9265-9d42-ff8eddc05a2d,21211,20.469924974,22.090559,4096
A,GPU-6c849b47-7111-9265-9d42-ff8eddc05a2d,21211,22.090565816,23.692418311,4096
A,GPU-6c849b47-7111-9265-9d42-ff8eddc05a2d,21211,23.692425479,25.277030649,4096
A,GPU-6c849b47-7111-9265-9d42-ff8eddc05a2d,21211,25.277037593,26.848940082,4096
A,GPU-6c849b47-7111-9265-9d42-ff8eddc05a2d,21211,26.848942002,28.413433561,4096
A,GPU-6c849b47-7111-9265-9d42-ff8eddc05a2d,21211,31.949830673,32.072480871,4096
A,GPU-6c849b47-7111-9265-9d42-ff8eddc05a2d,21211,32.072482823,33.285906557,4096
A,GPU-6c849b47-7111-9265-9d42-ff8eddc05a2d,21211,33.285912797,34.951692789,4096
A,GPU-6c849b47-7111-9265-9d42-ff8eddc05a2d,21211,34.951699637,36.572426388,4096
A,GPU-6c849b47-7111-9265-9d42-ff8eddc05a2d,21211,36.57243234,38.170966363,4096
A,GPU-6c849b47-7111-9265-9d42-ff8eddc05a2d,21211,38.170969211,39.7543782,4096
A,GPU-6c849b47-7111-9265-9d42-ff8eddc05a2d,21211,39.75438508,41.330751554,4096
A,GPU-6c849b47-7111-9265-9d42-ff8eddc05a2d,21211,41.330758914,42.893843291,4096
A,GPU-6c849b47-7111-9265-9d42-ff8eddc05a2d,21211,46.420677277,46.556419718,4096
A,GPU-6c849b47-7111-9265-9d42-ff8eddc05a2d,21211,46.556421606,47.793387382,4096
A,GPU-6c849b47-7111-9265-9d42-ff8eddc05a2d,21211,47.79339455,49.458454357,4096
A,GPU-6c849b47-7111-9265-9d42-ff8eddc05a2d,21211,49.458461173,51.079580577,4096
A,GPU-6c849b47-7111-9265-9d42-ff8eddc05a2d,21211,51.079586625,52.678490865,4096
A,GPU-6c849b47-7111-9265-9d42-ff8eddc05a2d,21211,52.678498193,54.261025632,4096
A,GPU-6c849b47-7111-9265-9d42-ff8eddc05a2d,21211,54.261033057,55.834324509,4096
A,GPU-6c849b47-7111-9265-9d42-ff8eddc05a2d,21211,55.834331581,57.40329791,4096
dual,GPU-81ac6e96-0bfe-390d-beb1-241466569d6b,21212,1.851952444,1.966366171,4096
dual,GPU-81ac6e96-0bfe-390d-beb1-241466569d6b,21212,1.966368315,3.161695406,4096
dual,GPU-6c849b47-7111-9265-9d42-ff8eddc05a2d,21211,2.494690121,2.622716798,4096
dual,GPU-6c849b47-7111-9265-9d42-ff8eddc05a2d,21211,2.622718814,3.865705441,4096
dual,GPU-81ac6e96-0bfe-390d-beb1-241466569d6b,21212,3.161702478,4.821075145,4096
dual,GPU-6c849b47-7111-9265-9d42-ff8eddc05a2d,21211,3.865712609,5.531121333,4096
dual,GPU-81ac6e96-0bfe-390d-beb1-241466569d6b,21212,4.821081929,6.431277692,4096
dual,GPU-6c849b47-7111-9265-9d42-ff8eddc05a2d,21211,5.531125462,7.152304342,4096
dual,GPU-81ac6e96-0bfe-390d-beb1-241466569d6b,21212,6.431284668,8.018867458,4096
dual,GPU-6c849b47-7111-9265-9d42-ff8eddc05a2d,21211,7.15231135,8.751429787,4096
dual,GPU-81ac6e96-0bfe-390d-beb1-241466569d6b,21212,8.018874338,9.59096787,4096
dual,GPU-6c849b47-7111-9265-9d42-ff8eddc05a2d,21211,8.751436795,10.335760737,4096
dual,GPU-81ac6e96-0bfe-390d-beb1-241466569d6b,21212,9.590974942,11.154420867,4096
dual,GPU-6c849b47-7111-9265-9d42-ff8eddc05a2d,21211,10.335767937,11.907791497,4096
dual,GPU-81ac6e96-0bfe-390d-beb1-241466569d6b,21212,11.154427683,12.708044166,4096
dual,GPU-6c849b47-7111-9265-9d42-ff8eddc05a2d,21211,11.907798345,13.471822476,4096
dual,GPU-81ac6e96-0bfe-390d-beb1-241466569d6b,21212,16.613994244,16.750759405,4096
dual,GPU-81ac6e96-0bfe-390d-beb1-241466569d6b,21212,16.750766605,17.979051786,4096
dual,GPU-6c849b47-7111-9265-9d42-ff8eddc05a2d,21211,16.885363702,17.023908052,4096
dual,GPU-6c849b47-7111-9265-9d42-ff8eddc05a2d,21211,17.023910516,18.23462187,4096
dual,GPU-81ac6e96-0bfe-390d-beb1-241466569d6b,21212,17.979058826,19.630129695,4096
dual,GPU-6c849b47-7111-9265-9d42-ff8eddc05a2d,21211,18.23462891,19.90084369,4096
dual,GPU-81ac6e96-0bfe-390d-beb1-241466569d6b,21212,19.630136735,21.240593147,4096
dual,GPU-6c849b47-7111-9265-9d42-ff8eddc05a2d,21211,19.900846474,21.525272016,4096
dual,GPU-81ac6e96-0bfe-390d-beb1-241466569d6b,21212,21.240599931,22.831639256,4096
dual,GPU-6c849b47-7111-9265-9d42-ff8eddc05a2d,21211,21.525279024,23.126329417,4096
dual,GPU-81ac6e96-0bfe-390d-beb1-241466569d6b,21212,22.83164604,24.407616359,4096
dual,GPU-6c849b47-7111-9265-9d42-ff8eddc05a2d,21211,23.126336393,24.712825903,4096
dual,GPU-81ac6e96-0bfe-390d-beb1-241466569d6b,21212,24.407623367,25.974816742,4096
dual,GPU-6c849b47-7111-9265-9d42-ff8eddc05a2d,21211,24.712832687,26.286000036,4096
dual,GPU-81ac6e96-0bfe-390d-beb1-241466569d6b,21212,25.97482359,27.526079577,4096
dual,GPU-6c849b47-7111-9265-9d42-ff8eddc05a2d,21211,26.286007333,27.855278137,4096
